date,portfolio_return,benchmark_return
2022-01-04,-0.018586,-0.000335
2022-01-05,-0.035361,-0.019202
2022-01-06,-0.002628,-0.00094
2022-01-07,-0.008957,-0.003953
2022-01-10,-2.7e-05,-0.001244
2022-01-11,0.014566,0.009108
2022-01-12,0.004655,0.002703
2022-01-13,-0.034095,-0.013778
2022-01-14,0.010592,0.000409
2022-01-18,-0.025415,-0.01771
2022-01-19,-0.016882,-0.010383
2022-01-20,-0.020566,-0.011068
2022-01-21,-0.030717,-0.019631
2022-01-24,0.002382,0.004247
2022-01-25,-0.028587,-0.012209
2022-01-26,0.010011,-0.002509
2022-01-27,-0.005811,-0.004938
2022-01-28,0.042444,0.024835
2022-01-31,0.03647,0.018011
2022-02-01,0.002232,0.006757
2022-02-02,0.010735,0.009714
2022-02-03,-0.046266,-0.023505
2022-02-04,0.041185,0.004702
2022-02-07,-0.000462,-0.003209
2022-02-08,0.016963,0.008228
2022-02-09,0.023086,0.014636
2022-02-10,-0.024631,-0.017966
2022-02-11,-0.038253,-0.019719
2022-02-14,0.006697,-0.003269
2022-02-15,0.035541,0.016127
2022-02-16,0.002052,0.001121
2022-02-17,-0.036988,-0.021361
2022-02-18,-0.016886,-0.006475
2022-02-22,-0.011238,-0.010732
2022-02-23,-0.032599,-0.017739
2022-02-24,0.043416,0.015049
2022-02-25,0.01387,0.022064
2022-02-28,0.003647,-0.002559
2022-03-01,-0.01937,-0.01523
2022-03-02,0.01905,0.018396
2022-03-03,-0.016104,-0.004979
2022-03-04,-0.021739,-0.008125
2022-03-07,-0.046694,-0.029479
2022-03-08,-0.006381,-0.007582
2022-03-09,0.043645,0.026811
2022-03-10,0.000346,-0.004516
2022-03-11,-0.019168,-0.012715
2022-03-14,-0.024899,-0.007308
2022-03-15,0.046079,0.02199
2022-03-16,0.039864,0.022174
2022-03-17,0.011826,0.012511
2022-03-18,0.033049,0.010953
2022-03-21,0.004107,-0.000292
2022-03-22,0.012591,0.011701
2022-03-23,-0.012333,-0.012878
2022-03-24,0.034425,0.015074
2022-03-25,-0.001762,0.004884
2022-03-28,0.018194,0.007113
2022-03-29,0.012925,0.012371
2022-03-30,-0.015769,-0.006175
2022-03-31,-0.017478,-0.015391
2022-04-01,-0.003926,0.002834
2022-04-04,0.023788,0.008566
2022-04-05,-0.027412,-0.012631
2022-04-06,-0.036532,-0.009999
2022-04-07,-0.001556,0.005039
2022-04-08,-0.02314,-0.002674
2022-04-11,-0.034638,-0.017092
2022-04-12,-0.005188,-0.003705
2022-04-13,0.025021,0.011454
2022-04-14,-0.031072,-0.012452
2022-04-18,0.008235,0.000411
2022-04-19,0.021274,0.016143
2022-04-20,-0.013899,-0.000742
2022-04-21,-0.03043,-0.014953
2022-04-22,-0.027918,-0.027439
2022-04-25,0.015731,0.005798
2022-04-26,-0.044114,-0.028961
2022-04-27,0.004502,0.002812
2022-04-28,0.047139,0.025259
2022-04-29,-0.070335,-0.036956
2022-05-02,0.020482,0.006019
2022-05-03,0.00043,0.004584
2022-05-04,0.030233,0.030453
2022-05-05,-0.062039,-0.035543
2022-05-06,-0.006932,-0.005969
2022-05-09,-0.053659,-0.032017
2022-05-10,0.018351,0.002311
2022-05-11,-0.042982,-0.015886
2022-05-12,-0.014856,-0.001044
2022-05-13,0.05161,0.023908
2022-05-16,-0.013508,-0.004058
2022-05-17,0.034946,0.02057
2022-05-18,-0.060418,-0.040311
2022-05-19,-0.003858,-0.006125
2022-05-20,-0.00578,0.000436
2022-05-23,0.021014,0.01871
2022-05-24,-0.024834,-0.007634
2022-05-25,0.022207,0.008835
2022-05-26,0.031994,0.019981
2022-05-27,0.039693,0.024549
2022-05-31,0.006555,-0.005611
2022-06-01,-0.001359,-0.008088
2022-06-02,0.031406,0.019044
2022-06-03,-0.031214,-0.016412
2022-06-06,0.005998,0.003045
2022-06-07,0.006162,0.009592
2022-06-08,-0.010497,-0.010872
2022-06-09,-0.032606,-0.023783
2022-06-10,-0.049665,-0.028996
2022-06-13,-0.053354,-0.037968
2022-06-14,0.00371,-0.003013
2022-06-15,0.036468,0.014256
2022-06-16,-0.039974,-0.033096
2022-06-17,0.016263,0.002156
2022-06-21,0.030928,0.025174
2022-06-22,-0.004045,-0.001813
2022-06-23,0.016998,0.009803
2022-06-24,0.037488,0.031794
2022-06-27,-0.013331,-0.00382
2022-06-28,-0.041381,-0.020433
2022-06-29,0.003596,-0.000814
2022-06-30,-0.020183,-0.008124
2022-07-01,0.004114,0.010576
2022-07-05,0.024464,0.001889
2022-07-06,0.010199,0.003377
2022-07-07,0.024459,0.014977
2022-07-08,-0.001524,-0.000823
2022-07-11,-0.025661,-0.011424
2022-07-12,-0.015352,-0.008849
2022-07-13,0.00249,-0.005252
2022-07-14,0.010416,-0.002428
2022-07-15,0.018401,0.019105
2022-07-18,-0.001727,-0.008257
2022-07-19,0.035486,0.027019
2022-07-20,0.027651,0.006373
2022-07-21,0.013422,0.010183
2022-07-22,-0.020814,-0.009278
2022-07-25,-0.010191,0.001215
2022-07-26,-0.029174,-0.011831
2022-07-27,0.057693,0.025966
2022-07-28,0.013462,0.012542
2022-07-29,0.040507,0.014579
2022-08-01,0.000672,-0.002961
2022-08-02,-0.006309,-0.006597
2022-08-03,0.031462,0.015659
2022-08-04,0.010289,-0.000676
2022-08-05,-0.007044,-0.00169
2022-08-08,-0.021229,-0.001161
2022-08-09,-0.010925,-0.003971
2022-08-10,0.036232,0.021004
2022-08-11,-0.008691,0.0
2022-08-12,0.025476,0.016929
2022-08-15,0.006591,0.004121
2022-08-16,-9.5e-05,0.001959
2022-08-17,-0.010294,-0.007098
2022-08-18,0.004764,0.002906
2022-08-19,-0.026694,-0.013438
2022-08-22,-0.033572,-0.020823
2022-08-23,0.001222,-0.002419
2022-08-24,0.000794,0.003201
2022-08-25,0.023038,0.014118
2022-08-26,-0.054033,-0.033849
2022-08-29,-0.014982,-0.006612
2022-08-30,-0.013267,-0.010978
2022-08-31,-0.013936,-0.007609
2022-09-01,-0.016939,0.003138
2022-09-02,-0.013378,-0.010545
2022-09-06,-0.010876,-0.003773
2022-09-07,0.018471,0.017965
2022-09-08,0.0037,0.006536
2022-09-09,0.024192,0.015535
2022-09-12,0.019713,0.010748
2022-09-13,-0.06974,-0.043482
2022-09-14,0.00597,0.003816
2022-09-15,-0.019716,-0.011353
2022-09-16,-0.003635,-0.007629
2022-09-19,0.011818,0.007755
2022-09-20,-0.007002,-0.011479
2022-09-21,-0.014531,-0.017444
2022-09-22,-0.015261,-0.0084
2022-09-23,-0.015374,-0.016755
2022-09-26,-0.002671,-0.009893
2022-09-27,0.002722,-0.002553
2022-09-28,0.016137,0.019676
2022-09-29,-0.032911,-0.020889
2022-09-30,-0.017929,-0.015464
2022-10-03,0.030157,0.026401
2022-10-04,0.039186,0.030987
2022-10-05,0.001343,-0.002328
2022-10-06,-0.006913,-0.010316
2022-10-07,-0.05389,-0.027894
2022-10-10,-0.015084,-0.007635
2022-10-11,-0.011762,-0.006333
2022-10-12,-0.001093,-0.003299
2022-10-13,0.026986,0.026391
2022-10-14,-0.041952,-0.022789
2022-10-17,0.047924,0.025697
2022-10-18,0.010681,0.01175
2022-10-19,-0.002943,-0.007086
2022-10-20,0.002192,-0.008385
2022-10-21,0.02749,0.024301
2022-10-24,0.012712,0.012237
2022-10-25,0.023046,0.015968
2022-10-26,-0.041317,-0.007534
2022-10-27,-0.017286,-0.00534
2022-10-28,0.024417,0.023791
2022-10-31,-0.016252,-0.007223
2022-11-01,-0.021587,-0.004376
2022-11-02,-0.036212,-0.025096
2022-11-03,-0.021079,-0.010297
2022-11-04,0.026239,0.014393
2022-11-07,0.009617,0.009566
2022-11-08,0.005884,0.005395
2022-11-09,-0.037871,-0.020602
2022-11-10,0.109079,0.054954
2022-11-11,0.028988,0.009678
2022-11-14,-0.014191,-0.008507
2022-11-15,0.010236,0.008529
2022-11-16,-0.017566,-0.007629
2022-11-17,-0.006313,-0.00306
2022-11-18,-0.005675,0.00454
2022-11-21,-0.010514,-0.003636
2022-11-22,0.020512,0.013457
2022-11-23,0.014076,0.006302
2022-11-25,-0.01067,-0.000224
2022-11-28,-0.017716,-0.015957
2022-11-29,-0.013807,-0.001718
2022-11-30,0.059294,0.031501
2022-12-01,0.000471,-0.000736
2022-12-02,-0.007884,-0.001154
2022-12-05,-0.018948,-0.017989
2022-12-06,-0.028377,-0.014415
2022-12-07,-0.001536,-0.001701
2022-12-08,0.027743,0.007834
2022-12-09,-0.008792,-0.00747
2022-12-12,0.023269,0.014417
2022-12-13,0.019074,0.00757
2022-12-14,-0.011558,-0.006394
2022-12-15,-0.03845,-0.024462
2022-12-16,-0.015268,-0.011806
2022-12-19,-0.021457,-0.00848
2022-12-20,-0.000533,0.001368
2022-12-21,0.019774,0.014952
2022-12-22,-0.038516,-0.014266
2022-12-23,0.002056,0.005752
2022-12-27,-0.029642,-0.003943
2022-12-28,-0.015413,-0.012428
2022-12-29,0.031299,0.018
2022-12-30,-0.000963,-0.002634
2023-01-03,-0.0093,-0.00421
2023-01-04,-0.002759,0.00772
2023-01-05,-0.024196,-0.011413
2023-01-06,0.031458,0.022932
2023-01-09,0.020112,-0.000567
2023-01-10,0.014696,0.007013
2023-01-11,0.028804,0.012648
2023-01-12,0.011197,0.003641
2023-01-13,0.016638,0.003879
2023-01-17,0.009965,-0.001832
2023-01-18,-0.01219,-0.015788
2023-01-19,-0.017469,-0.00728
2023-01-20,0.039284,0.018629
2023-01-23,0.028001,0.011999
2023-01-24,-0.000179,-0.001073
2023-01-25,0.000333,0.000375
2023-01-26,0.022824,0.01099
2023-01-27,0.0183,0.002298
2023-01-30,-0.02941,-0.012547
2023-01-31,0.018816,0.014703
2023-02-01,0.029847,0.010628
2023-02-02,0.04858,0.014557
2023-02-03,-0.027897,-0.010629
2023-02-06,-0.009067,-0.006112
2023-02-07,0.027996,0.013079
2023-02-08,-0.009872,-0.010935
2023-02-09,-0.007679,-0.008669
2023-02-10,-0.01348,0.002334
2023-02-13,0.023604,0.011739
2023-02-14,0.013703,-0.00046
2023-02-15,0.002886,0.003248
2023-02-16,-0.02507,-0.013769
2023-02-17,-0.015183,-0.002498
2023-02-21,-0.027198,-0.020061
2023-02-22,0.003973,-0.001378
2023-02-23,0.039195,0.005319
2023-02-24,-0.019994,-0.010682
2023-02-27,0.006008,0.003406
2023-02-28,-0.00338,-0.003696
2023-03-01,-0.017762,-0.003836
2023-03-02,0.012622,0.007777
2023-03-03,0.026627,0.016038
2023-03-06,-0.000364,0.000693
2023-03-07,-0.009586,-0.015329
2023-03-08,0.012227,0.001632
2023-03-09,-0.017236,-0.01845
2023-03-10,-0.016309,-0.01443
2023-03-13,0.013372,-0.001425
2023-03-14,0.028854,0.01653
2023-03-15,0.010305,-0.006254
2023-03-16,0.038335,0.017545
2023-03-17,0.000637,-0.011693
2023-03-20,-0.004003,0.009616
2023-03-21,0.014715,0.01313
2023-03-22,-0.005815,-0.017047
2023-03-23,0.013527,0.002703
2023-03-24,-0.00056,0.006562
2023-03-27,-0.009351,0.00187
2023-03-28,-0.005216,-0.002245
2023-03-29,0.022916,0.014535
2023-03-30,0.013688,0.005855
2023-03-31,0.01441,0.014095
2023-04-03,0.00056,0.003811
2023-04-04,-0.001674,-0.005548
2023-04-05,-0.017358,-0.002618
2023-04-06,0.011582,0.003901
2023-04-10,-0.000607,0.001026
2023-04-11,-0.016787,0.000269
2023-04-12,-0.011936,-0.004076
2023-04-13,0.025502,0.013283
2023-04-14,-0.000664,-0.002443
2023-04-17,0.005195,0.003588
2023-04-18,0.00659,0.000652
2023-04-19,0.009085,-0.000169
2023-04-20,-0.012066,-0.005457
2023-04-21,0.004973,0.000777
2023-04-24,-0.005484,0.001043
2023-04-25,-0.023966,-0.015874
2023-04-26,0.030779,-0.004236
2023-04-27,0.029136,0.019908
2023-04-28,-0.001267,0.008535
2023-05-01,0.000883,-0.00101
2023-05-02,-0.003853,-0.011239
2023-05-03,-0.006011,-0.006864
2023-05-04,-0.002963,-0.007083
2023-05-05,0.030152,0.018513
2023-05-08,0.002798,0.000266
2023-05-09,-0.006937,-0.004385
2023-05-10,0.018048,0.004673
2023-05-11,0.00037,-0.001744
2023-05-12,-0.008634,-0.00131
2023-05-15,0.007211,0.00345
2023-05-16,0.009033,-0.006683
2023-05-17,0.016152,0.012139
2023-05-18,0.025177,0.009633
2023-05-19,-0.007272,-0.001455
2023-05-22,-0.00251,0.000406
2023-05-23,-0.012354,-0.011223
2023-05-24,0.001894,-0.007245
2023-05-25,0.068464,0.00866
2023-05-26,0.02634,0.012951
2023-05-30,0.012108,0.000381
2023-05-31,-0.01861,-0.005545
2023-06-01,0.024529,0.009501
2023-06-02,0.003543,0.014461
2023-06-05,-0.000369,-0.001916
2023-06-06,-0.002883,0.002177
2023-06-07,-0.027879,-0.003458
2023-06-08,0.018452,0.006048
2023-06-09,0.001754,0.001794
2023-06-12,0.018732,0.009072
2023-06-13,0.011114,0.006593
2023-06-14,0.014716,0.001191
2023-06-15,0.010138,0.012398
2023-06-16,-0.008567,-0.003406
2023-06-20,0.004109,-0.005188
2023-06-21,-0.010982,-0.005124
2023-06-22,0.019279,0.00361
2023-06-23,-0.010196,-0.00756
2023-06-26,-0.019886,-0.004086
2023-06-27,0.019593,0.010964
2023-06-28,-0.002264,0.000504
2023-06-29,-0.004149,0.003941
2023-06-30,0.023744,0.011801
2023-07-03,-0.003431,0.00115
2023-07-05,-0.001608,-0.001487
2023-07-06,-0.002204,-0.007831
2023-07-07,0.000701,-0.002525
2023-07-10,-0.013715,0.002531
2023-07-11,0.004358,0.006368
2023-07-12,0.01855,0.008046
2023-07-13,0.023568,0.007937
2023-07-14,2.4e-05,-0.000623
2023-07-17,0.008057,0.003472
2023-07-18,0.013807,0.007431
2023-07-19,0.001268,0.002224
2023-07-20,-0.026546,-0.006635
2023-07-21,-0.010349,0.0
2023-07-24,0.001431,0.004467
2023-07-25,0.012,0.00273
2023-07-26,-0.011413,0.000154
2023-07-27,-0.004204,-0.00663
2023-07-28,0.021509,0.00979
2023-07-31,0.001649,0.001904
2023-08-01,-0.005666,-0.002862
2023-08-02,-0.02908,-0.013911
2023-08-03,0.000282,-0.002866
2023-08-04,0.010452,-0.004523
2023-08-07,0.006334,0.008729
2023-08-08,-0.0099,-0.004349
2023-08-09,-0.020712,-0.006685
2023-08-10,0.000547,0.000359
2023-08-11,-0.010714,-0.000583
2023-08-14,0.026343,0.00552
2023-08-15,-0.008571,-0.011649
2023-08-16,-0.009151,-0.007338
2023-08-17,-0.009219,-0.00762
2023-08-18,-0.001289,0.000481
2023-08-21,0.030118,0.006506
2023-08-22,-0.005286,-0.002709
2023-08-23,0.019299,0.011138
2023-08-24,-0.018456,-0.013859
2023-08-25,0.002136,0.00705
2023-08-28,0.006982,0.006341
2023-08-29,0.022817,0.014455
2023-08-30,0.007839,0.004119
2023-08-31,0.005413,-0.001464
2023-09-01,-0.001284,0.001865
2023-09-05,0.002699,-0.004322
2023-09-06,-0.020566,-0.006722
2023-09-07,-0.0093,-0.00307
2023-09-08,0.001249,0.001506
2023-09-11,0.011047,0.006577
2023-09-12,-0.013801,-0.005486
2023-09-13,0.010104,0.001166
2023-09-14,0.004463,0.008622
2023-09-15,-0.023998,-0.012048
2023-09-18,0.002996,0.000587
2023-09-19,-0.005499,-0.002074
2023-09-20,-0.022602,-0.009193
2023-09-21,-0.021435,-0.016528
2023-09-22,0.002473,-0.002249
2023-09-25,0.010103,0.004205
2023-09-26,-0.022017,-0.014691
2023-09-27,0.001619,0.000399
2023-09-28,0.004716,0.005797
2023-09-29,0.007085,-0.002427
2023-10-02,0.020475,-0.000398
2023-10-03,-0.024691,-0.013386
2023-10-04,0.013851,0.007282
2023-10-05,0.003739,-0.000377
2023-10-06,0.01985,0.011873
2023-10-09,0.001983,0.006402
2023-10-10,0.003355,0.005205
2023-10-11,0.015084,0.004096
2023-10-12,0.002008,-0.006096
2023-10-13,-0.017864,-0.004981
2023-10-16,0.012367,0.010522
2023-10-17,-0.016368,-4.6e-05
2023-10-18,-0.01958,-0.013325
2023-10-19,0.00034,-0.008786
2023-10-20,-0.017714,-0.012288
2023-10-23,0.01457,-0.001733
2023-10-24,0.009507,0.007539
2023-10-25,-0.020433,-0.014352
2023-10-26,-0.027973,-0.011975
2023-10-27,0.021617,-0.004533
2023-10-30,0.022568,0.011956
2023-10-31,-0.000301,0.00628
2023-11-01,0.027386,0.010665
2023-11-02,0.015727,0.019164
2023-11-03,0.011494,0.009123
2023-11-06,0.012495,0.0023
2023-11-07,0.012846,0.002846
2023-11-08,0.005586,0.000732
2023-11-09,-0.00297,-0.007799
2023-11-10,0.024667,0.015605
2023-11-13,-0.004383,-0.000953
2023-11-14,0.016974,0.019401
2023-11-15,-0.007463,0.002117
2023-11-16,0.009038,0.001223
2023-11-17,-0.001033,0.001244
2023-11-20,0.01472,0.007698
2023-11-21,-0.010073,-0.002179
2023-11-22,0.002817,0.003861
2023-11-24,-0.006802,0.000615
2023-11-27,0.00467,-0.001801
2023-11-28,0.000138,0.00099
2023-11-29,-0.003407,-0.000703
2023-11-30,-0.006702,0.003937
2023-12-01,0.000377,0.005916
2023-12-04,-0.016384,-0.005249
2023-12-05,0.0169,-0.000197
2023-12-06,-0.013642,-0.00403
2023-12-07,0.01408,0.00763
2023-12-08,0.009865,0.004299
2023-12-11,-0.01241,0.00389
2023-12-12,0.012301,0.004567
2023-12-13,0.008733,0.01379
2023-12-14,-0.00647,0.003209
2023-12-15,0.009714,-0.001647
2023-12-18,0.012073,0.005625
2023-12-19,-0.001066,0.006081
2023-12-20,-0.014686,-0.013857
2023-12-21,0.009171,0.009482
2023-12-22,-0.00219,0.00201
2023-12-26,0.001626,0.004222
2023-12-27,0.000322,0.001808
2023-12-28,0.001962,0.000378
2023-12-29,-0.003197,-0.002895
2024-01-02,-0.022526,-0.005596
2024-01-03,-0.007597,-0.008167
2024-01-04,-0.009282,-0.003221
2024-01-05,0.00575,0.00137
2024-01-08,0.033476,0.014276
2024-01-09,0.008218,-0.001517
2024-01-10,0.015652,0.005655
2024-01-11,0.004938,-0.000441
2024-01-12,0.001528,0.000693
2024-01-16,0.003359,-0.003671
2024-01-17,-0.005631,-0.005559
2024-01-18,0.018618,0.008893
2024-01-19,0.020363,0.012466
2024-01-22,0.00147,0.002114
2024-01-23,0.006091,0.002916
2024-01-24,0.009002,0.001093
2024-01-25,0.003452,0.005439
2024-01-26,-0.00304,-0.00127
2024-01-29,0.011923,0.007919
2024-01-30,-0.007768,-0.000774
2024-01-31,-0.022517,-0.016317
2024-02-01,0.019901,0.013088
2024-02-02,0.035349,0.010527
2024-02-05,0.008879,-0.003641
2024-02-06,-0.003642,0.002903
2024-02-07,0.014337,0.00834
2024-02-08,-0.004047,0.000442
2024-02-09,0.020643,0.005779
2024-02-12,-0.00802,-0.000439
2024-02-13,-0.013983,-0.013773
2024-02-14,0.010825,0.009088
2024-02-15,-0.00811,0.0069
2024-02-16,-0.004227,-0.00498
2024-02-20,-0.016281,-0.005505
2024-02-21,-0.0042,0.000906
2024-02-22,0.058582,0.020696
2024-02-23,-0.001829,0.00069
2024-02-26,-0.003068,-0.003662
2024-02-27,-0.000947,0.001858
2024-02-28,-0.005354,-0.001322
2024-02-29,0.012569,0.003595
2024-03-01,0.011689,0.009388
2024-03-04,0.001396,-0.001072
2024-03-05,-0.01723,-0.009994
2024-03-06,0.005264,0.005067
2024-03-07,0.020162,0.009926
2024-03-08,-0.015173,-0.006002
2024-03-11,-0.007931,-0.00086
2024-03-12,0.030224,0.010757
2024-03-13,-0.004259,-0.001568
2024-03-14,0.00383,-0.001977
2024-03-15,-0.012083,-0.006867
2024-03-18,0.003978,0.005943
2024-03-19,0.010546,0.005557
2024-03-20,0.011865,0.009249
2024-03-21,-0.00484,0.003305
2024-03-22,0.009774,-0.001896
2024-03-25,-0.002439,-0.002763
2024-03-26,-0.010768,-0.001847
2024-03-27,0.001076,0.008404
2024-03-28,-0.002003,-0.000191
2024-04-01,0.001011,-0.00174
2024-04-02,-0.0065,-0.006358
2024-04-03,0.001628,0.001099
2024-04-04,-0.01465,-0.012206
2024-04-05,0.018858,0.010447
2024-04-08,-0.004536,0.000559
2024-04-09,-0.001651,0.001157
2024-04-10,0.000756,-0.010013
2024-04-11,0.028018,0.007547
2024-04-12,-0.011932,-0.013803
2024-04-15,-0.019926,-0.012528
2024-04-16,-0.000522,-0.001824
2024-04-17,-0.016138,-0.005918
2024-04-18,-0.006973,-0.002058
2024-04-19,-0.037652,-0.008728
2024-04-22,0.017033,0.009209
2024-04-23,0.018111,0.011867
2024-04-24,-0.008347,-0.000475
2024-04-25,0.000301,-0.003799
2024-04-26,0.027697,0.009474
2024-04-29,0.005626,0.003541
2024-04-30,-0.024692,-0.015841
2024-05-01,-0.00192,-0.003247
2024-05-02,0.02369,0.009353
2024-05-03,0.031171,0.012395
2024-05-06,0.014731,0.010327
2024-05-07,-0.005814,0.001103
2024-05-08,-0.0002,9.7e-05
2024-05-09,0.000978,0.005762
2024-05-10,0.000266,0.001288
2024-05-13,0.004032,0.000134
2024-05-14,0.006576,0.004588
2024-05-15,0.014942,0.012383
2024-05-16,-0.004965,-0.002057
2024-05-17,-0.003948,0.001437
2024-05-20,0.009243,0.001152
2024-05-21,0.004956,0.002452
2024-05-22,-0.002192,-0.00288
2024-05-23,0.013151,-0.007304
2024-05-24,0.012014,0.006616
2024-05-28,0.019494,0.000699
2024-05-29,0.001576,-0.007002
2024-05-30,-0.020258,-0.006634
2024-05-31,-0.004445,0.009108
2024-06-03,0.016276,0.000815
2024-06-04,0.00648,0.001118
2024-06-05,0.022319,0.011885
2024-06-06,0.000712,-1.9e-05
2024-06-07,0.00153,-0.001215
2024-06-10,0.003193,0.00309
2024-06-11,0.019414,0.002408
2024-06-12,0.020403,0.008213
2024-06-13,0.00638,0.002014
2024-06-14,0.002666,0.000609
2024-06-17,0.007033,0.007959
2024-06-18,0.003204,0.002541
2024-06-20,-0.010088,-0.002716
2024-06-21,-0.004367,-0.001341
2024-06-24,-0.021741,-0.003251
2024-06-25,0.020877,0.003851
2024-06-26,0.016037,0.001248
2024-06-27,0.002086,0.001576
2024-06-28,-0.014041,-0.003935
2024-07-01,0.019394,0.002058
2024-07-02,0.005727,0.00673
2024-07-03,0.010684,0.004463
2024-07-05,0.007364,0.005766
2024-07-08,0.00475,0.001154
2024-07-09,0.003615,0.000973
2024-07-10,0.015633,0.009895
2024-07-11,-0.031846,-0.008622
2024-07-12,0.005523,0.006307
2024-07-15,0.000589,0.00275
2024-07-16,-0.005657,0.00593
2024-07-17,-0.032813,-0.014021
2024-07-18,-0.005902,-0.007685
2024-07-19,-0.009073,-0.006641
2024-07-22,0.014045,0.01031
2024-07-23,0.005614,-0.001568
2024-07-24,-0.040644,-0.022663
2024-07-25,-0.012987,-0.00521
2024-07-26,0.010065,0.0112
2024-07-29,-0.001112,0.000588
2024-07-30,-0.021233,-0.005066
2024-07-31,0.040327,0.016255
2024-08-01,-0.025505,-0.014161
2024-08-02,-0.029852,-0.018618
2024-08-05,-0.046345,-0.029124
2024-08-06,0.011255,0.009219
2024-08-07,-0.009123,-0.006684
2024-08-08,0.026802,0.023117
2024-08-09,0.006696,0.00441
2024-08-12,0.01225,0.000525
2024-08-13,0.030191,0.016445
2024-08-14,0.006214,0.003155
2024-08-15,0.027467,0.01714
2024-08-16,0.002713,0.002242
2024-08-19,0.014166,0.009561
2024-08-20,-0.001737,-0.001626
2024-08-21,0.003665,0.003437
2024-08-22,-0.021913,-0.007849
2024-08-23,0.015984,0.010625
2024-08-26,-0.009403,-0.002384
2024-08-27,0.001394,0.001373
2024-08-28,-0.012238,-0.005805
2024-08-29,-0.008853,9e-05
2024-08-30,0.014624,0.009546
2024-09-03,-0.03838,-0.020579
2024-09-04,-0.01077,-0.002047
2024-09-05,0.010351,-0.002432
2024-09-06,-0.025198,-0.01683
2024-09-09,0.017303,0.011196
2024-09-10,0.014062,0.004356
2024-09-11,0.035527,0.010259
2024-09-12,0.010614,0.008423
2024-09-13,0.001033,0.005223
2024-09-16,-0.013523,0.001477
2024-09-17,0.002895,0.000409
2024-09-18,-0.003399,-0.002966
2024-09-19,0.028375,0.017064
2024-09-20,-0.004369,-0.001729
2024-09-23,0.000629,0.002499
2024-09-24,0.008507,0.002861
2024-09-25,0.00423,-0.002206
2024-09-26,0.000101,0.003965
2024-09-27,-0.011103,-0.00145
2024-09-30,0.004951,0.004007
2024-10-01,-0.023619,-0.008959
2024-10-02,0.001968,0.000422
2024-10-03,0.003048,-0.001828
2024-10-04,0.011428,0.009088
2024-10-07,-0.011601,-0.009041
2024-10-08,0.020532,0.009458
2024-10-09,0.008733,0.006926
2024-10-10,0.004554,-0.00175
2024-10-11,0.00155,0.005988
2024-10-14,0.010183,0.008178
2024-10-15,-0.008998,-0.00777
2024-10-16,0.002984,0.004347
2024-10-17,0.003844,8.6e-05
2024-10-18,0.007833,0.003847
2024-10-21,0.012395,-0.001642
2024-10-22,0.00518,-0.000531
2024-10-23,-0.0207,-0.009137
2024-10-24,0.003654,0.002163
2024-10-25,0.006881,-0.000345
2024-10-28,0.000183,0.003091
2024-10-29,0.007967,0.001618
2024-10-30,-0.004375,-0.003025
2024-10-31,-0.039701,-0.019603
2024-11-01,0.019589,0.00422
2024-11-04,-0.003688,-0.002154
2024-11-05,0.015301,0.012092
2024-11-06,0.024178,0.024865
2024-11-07,0.017654,0.007732
2024-11-08,-0.00632,0.004332
2024-11-11,-0.01131,0.000953
2024-11-12,0.010719,-0.003106
2024-11-13,0.00508,0.000486
2024-11-14,0.002214,-0.00643
2024-11-15,-0.029119,-0.012809
2024-11-18,-0.000532,0.004097
2024-11-19,0.01735,0.003655
2024-11-20,-0.004606,0.000339
2024-11-21,-0.005812,0.005368
2024-11-22,-0.005655,0.003099
2024-11-25,-0.000616,0.003392
2024-11-26,0.017452,0.005222
2024-11-27,-0.008494,-0.00303
2024-11-29,0.01082,0.006212
2024-12-02,0.010899,0.001793
2024-12-03,0.009499,0.000464
2024-12-04,0.018204,0.00621
2024-12-05,0.005621,-0.001646
2024-12-06,0.003161,0.001896
2024-12-09,-0.002,-0.00515
2024-12-10,-0.008371,-0.003109
2024-12-11,0.015547,0.007731
2024-12-12,-0.003128,-0.005153
2024-12-13,-0.008375,-0.000198
2024-12-16,0.007169,0.00427
2024-12-17,-0.000941,-0.00412
2024-12-18,-0.02908,-0.029803
2024-12-19,0.008121,-0.000307
2024-12-20,0.013974,0.012011
2024-12-23,0.009373,0.005988
2024-12-24,0.01063,0.011115
2024-12-26,-0.0026,6.6e-05
2024-12-27,-0.016486,-0.010526
2024-12-30,-0.008487,-0.011412
2024-12-31,-0.0117,-0.003638
